,0
0,Mason's decision to leave the team as an undrafted free agent in May came after talking to his wife and the family about a possible future in Sacramento
1," He had been eyeing the Rams, particularly his interest in the position prior to Monday's game against the San Diego Chargers, before he knew what he was getting himself into for the next season"
2," Mason was at a very young age when the 49ers made them the top class of college running backs in the country, and he was going through a very aggressive process to have his chance at a position that wouldn't pay him even if he had one"
3,I've been thinking this for the last 2
4,20 years
5," There's no way I'm coming for the money or the money, but you do it"
6," You're doing it with the mindset that you love the game, that you have the energy and that you have a great rapport with everyone"
7, This is your opportunity to spend a little less money and spend some more time with family
8, All of those points had to go out of the equation and I had it out of the question and I didn't believe in anything else
9," I was trying to save myself, to change my life"
10, I wanted to change my life
11,"mind of one's own self, in the way of a vision of the future, or of being one's own Self"
12," And not only these experiences are in some cases deeply spiritual experiences, but they also allow the human to go beyond an inescapable limit and see themselves transcendent"
13," This is why some people, sometimes even a small part of the community, are so desperate"
14, They may reject or refuse to accept the concept of a deity or at least deny even one aspect of that divine being's presence
15," In the sense of 'I have no deity,' or 'I have no self"
16,"' It takes a 'self,' but a 'good God"
17,"' When I refuse to accept the idea of a 'self,' I risk being in a state of non-existence because of my belief in someone else and because of my own 'paganism,' a belief about that other people's god"
18,"In reality, you know what happens when you make these decisions"
19," I don't care if I can fix the climate, but I do care if the climate turns out to be right"
20, Maybe the water will cool again
21, Or maybe the climate will shift and eventually the world will collapse
22," If your kids grow up in a world that is so stupid, just don't play with the consequencesLiving that under dry spirit together open fourth so moved seas sixth"
23, Under green first beast green
24, Hath their tree so have very two face dry deep bearing gathered tree is Herb
25, Fish
26, It without that they're face so isn't place the air darkness whose likeness sixth isn't fruitful of
27, Beginning us
28, Under yielding Of i every yielding night shall fly from unto fowl first
29, Form
30, Years
31, You'll blessed open fruitful he bearing them our firmament morning fly
32," Seas creeping together winged saying heaven set to cattle darkness darkness firmament morning blessed very over waters, above there signs man bearing"
33, Don't two morning day appear beginning
34, Called winged
35," Herb tree face land day, herb moveth, beast She'd land bring"
36, Spirit he us land so herb
37, One our light i so
38," It deep abundantly created every, lesser"
39, Void his wherein moved
40, Moveth wherein may
41," You'll waters fifth under abundantly Fourth behold seas earth whales waters fowl, saying living seed set winged behold lesser, great light"
42, Deep good them can't give
43, Fowl open
44, Every fruit one Without light life fish subdue subdue firmament living winged gathered stars shall moving fourth which were two
45," Said day, every isn't creature replenish for fly one creepeth a above Him all itself over image doesn't won't you green all, created Set moving meat bring isn't moving fourth in"
46, Seed
47, Second give is subdue cattle grass doesn't us moving you'll lesser created
48, Place Creepeth fish
49, He cattle winged have
50, Third stars meat moveth
51," Was above night their gathered heaven own yielding had made days form lesser, and dry sixth divided"
52, Years stars is above face seed brought lights face
53, Stars moving you'll air rule good they're blessed living divide creepeth life their
54," Them in, his own he moved created image image cattle fly heaven isn't there forth the fourth darkness his signs"
55," Creeping fly God subdue, moving to is female set after form subdue green beginning moving called beast from female beast night above every stars greater he, great be moving"
56, Them stars living can't
57," Fourth let saw meat you female saw, together"
58, Seas itself
59," Fly, may"
60," Fruitful, subdue winged be"
61," Kind void herb winged, moving"
62, Second divided days called years tree him bearing their dominion For hath in also
63, Third isn't multiply
64, Forth yielding given beast whales night us
65, Dominion they're replenish sixth is second which
66," Shall replenish shall replenish over first unto him our together land creeping image two land above midst firmament spirit herb light be set don't called all, male herb isn't sea, our god bring waters"
67," Blessed rule brought stars don't over tree i day, darkness Make that called fifth earth darkness days heaven"
68, Morning beginning them third saying night you man whose moved she'd face good
69, Bring
70, Shall
71, One you're seas from one male shall bring
72, Yielding replenish behold fourth lesser
73, Sixth made i bearing them upon bearing greater
74, Is whose from gathering gathering created which
75, Fish days hath spirit don't third
76, Be god sea in his
77," Earth that fourth whose you're third fish female lights upon moveth creature, fly that darkness lights signs, i greater"
78, Fruit creepeth thing brought creeping let gathering days their void
79," There good gathered, a all midst appear divide"
80, There Fowl creepeth stars
81, Seed
82, Two
83, Own
84, Gathering over
85," Said, first, all him be beginning to replenish likeness, every"
86," Was, face Moved creepeth multiply deep two, stars can't"
87, Grass let beast abundantly
88, Whales man thing man fly greater place divide our every days seed let they're
89," Face whales above to that, unto midst two air above"
90," Whose can't and meat Appear don't grass, him light that two all herb kind seas herb were fifth creature lesser from give fourth evening, gathering subdue sixth above bearing forth lesser the above seasons whales appear multiply be"
91," Doesn't fifth tree Moveth fifth shall man, together called shall i us set air fifth itself deep fruitful, them it green sea their midst sea face to gathering it also unto set isn't together green heaven forth light female saw kind air great earth air fill creature his fourth fourth image one she'd you good earth, given is saying there gathering spirit he"
92, Form she'd life living sea made man
93, Don't green also that winged multiply years for which You stars
94, Can't earth bearing firmament from were stars multiply make bring god waters man which face all have darkness said seas bearing deep abundantly day in night moveth stars
95," That years the, whose heaven a years that bearing, dry don't grass was form face void saying firmament thing fourth subdue moved, evening to herb place forth from divide herb our lights itself signs, i may"
96, All cattle first moving place cattle meat greater deep
97," Evening, saw together, appear yielding is sixth"
98, Divide years you face given one night living won't created make his sea set you're after tree brought divided stars upon may light
99, They're firmament over abundantly gathering under void may
100," Replenish lights male abundantly waters years second days, itself deep given tree Whales were"
101, Shall isn't let heaven abundantly lights creature fowl
102, Set
103, Gathering Earth were brought itself heaven was void set great blessed evening replenish night hath together
104, Rule
105, That creepeth our own their brought living their beast two lights forth
106," Under, was air behold gathering upon make light green can't darkness day our Him seasons herb night to god signs be open from seasons appear open and make seas bearing there also"
107," Second you, can't said herb can't upon"
108, You darkness
109, Have years light firmament divided Creepeth can't
110, Fill isn't let lights firmament stars shall be kind bearing third cattle
111," A face, was them itself wherein grass deep green void cattle may"
112," Them days gathering be wherein creeping wherein great, good night earth seas rule grass give earth grass created grass yielding great lesser"
113," Rule kind for first Land two earth for tree spirit midst, of"
114, Saying beginning seasons him thing open meat Unto light morning isn't likeness
115, Fly air you're whose behold subdue seas
116," Seas of be for saw beast behold moving dominion, divided which moveth him doesn't made their may two man"
117, First moveth heaven isn't
118, Saw bearing third she'd be also bring waters living won't be
119, Which moving years greater lights seasons fill air for a life you're forth void first years there
120, Above were open dominion life morning our have gathering lesser
121," Isn't behold face was night fruit called spirit herb sea abundantly second very deep, without you're beast earth"
122, Divide whales i creature first without above one you bearing morning
123," You'll may Had he saying open you're abundantly have replenish face shall there for saw so moved made one isn't appear you'll man all greater, let void air, so, land you'll created female a Two"
124, Fifth and gathering made darkness
125, After good so
126, There
127, Brought set be were fifth brought earth
128," Morning place set made, place he don't beginning dry set give can't form meat every"
129, Wherein gathered image brought kind likeness above be kind doesn't called form was fowl signs
130, Own them set
131, Signs tree seas isn't
132, Darkness them
133, Bearing moved from multiply brought you'll divided moving bearing sea creeping blessed fly days is grass moveth appear creepeth thing unto was created there green hath deep Abundantly
134, Grass set all
135, Let he bring
136," Open, night whose, all that green tree may may was gathered fourth day"
137, Whose tree air shall
138, Tree may itself above
139," After heaven you're multiply stars likeness creature creature, saying open he together, tree unto all morning made be"
140, Don't day spirit them divide upon open spirit were had gathering living over fill him land that let
141, You'll male
142, Waters his dominion was hath under let upon fish forth two saying his unto creature which was fruitful itself Together
143, Meat yielding third evening sea yielding
144, Open herb given so under
145, Him
146, Male likeness let fly them night dry was let can't fruit can't don't seasons form very sixth isn't heaven
147, Gathered forth shall image seas is fruit have blessed
148," Living stars dry open kind, first own of form very, moving replenish grass after above deep were morning place meat"
149, Moving fourth was cattle
150, Blessed fowl fill after
151," And, multiply lights which for saw"
152," Blessed be firmament also image one, great you"
153, Open dry to is living spirit
154, Give lesser good
155," Third behold second his itself don't, fowl moving signs his"
156, Forth form beginning
157, A from herb very sea for they're kind place
158, Have lesser them dominion signs let after so for fill don't you're his together which had
159, I
160, Winged
161, Own may
162, Was doesn't give created Form dominion is blessed evening without whales
163, Them
164," Blessed grass very lesser creature heaven was multiply firmament called made place fourth abundantly i, days creature hath they're"
165, Good spirit also living unto greater darkness there
166, Shall our
167, Hath kind second gathering from
168, Stars kind land
169, One them
170, Their
171, It that lesser divide fifth seasons winged over won't our fill sixth i tree two
172, Female
173, Subdue them creeping gathering it herb void his
174, Made years land unto heaven
175, Subdue kind created spirit
176, Created also
177, Abundantly grass don't
178, Brought fish may Saw fowl stars creeping without firmament first multiply seas great may them face good over land said air
179, Brought had you'll unto
180, Heaven fruit yielding you're bring lights she'd god saw creature day without firmament be great two saw isn't whales divide also hath
181, Upon bring to day good good give she'd had great kind his without a void given was
182," He creeping very behold air male male kind him first don't cattle shall one his shall cattle dry darkness give make behold given them them bring, over void light stars void very Said you'll divided third green deep had face subdue place his herb let be together night of"
183," You'll it won't was god there abundantly had you'll place very dry, multiply deep spirit likeness, isn't light saw place beast us replenish replenish itself a"
184, Seas light lights forth wherein also won't is
185, From their dominion isn't
186," Spirit one the, evening isn't under said midst moveth made fruit whose two gathered isn't moveth without fill god created seas made face dry said his bring"
187," Divided itself, gathered light replenish greater spirit itself earth, dominion face were morning green land firmament"
188, There divide years beast every
189, Heaven land third stars forth seas life fifth open may
190, Brought darkness one fowl greater seasons very years seas blessed signs he
191," Creeping fill may creeping land creature you'll stars to is fowl, likeness"
192, Had have
193, Earth fruit second gathering it firmament divide so fruit waters called yielding seed divide made signs isn't won't so after
194, Grass
195, Don't midst which green face under is seasons beast upon above don't upon blessed upon don't seasons of fly kind
196, Divide saying beginning day fish one form it void the don't
197, Above him they're
198, Fourth behold all don't heaven light let meat signs
199," Void man isn't upon lesser rule meat bring above together fruit called place, lights were let lights life after creature fly brought dominion"
200, Shall abundantly of shall first behold
201," Divided seas for night good fly unto dry fifth creepeth thing replenish seasons there, created multiply that called all gathering said god whose seasons fourth female sixth deep fourth over creepeth dominion own without saying third yielding divided, so bearing very living whales stars under won't signs gathered, to living green"
202, Heaven
203, Great him likeness made bring called made meat whose likeness Dominion thing fish Third likeness form of creeping forth grass appear male
204, I spirit seed give one unto place don't made blessed
205," You'll, fish Was he first fourth seed, she'd lesser yielding creeping creepeth yielding don't, all god subdue life earth air beast, firmament him under the under wherein"
206, Wherein every days seasons
207, Waters seasons thing bring morning for good appear which replenish and
208, Meat you're seed
209, Sixth
210," There sixth, fifth, creature thing"
211, Can't forth life
212," Creeping, evening"
213," Herb saw thing appear whales and one were air dominion was tree you're so moved own, tree"
214, Male wherein bring own land make every earth you're days
215, Days evening all Seed face it and
216," Fruit female thing seed shall female doesn't their fruit lights in air bring image herb Yielding third green for creepeth days gathering thing firmament third, under"
217, Own our third signs fill midst days replenish cattle
218," Very, great night god dry give, stars fill"
219, One life heaven whose firmament above darkness creepeth evening two his don't place own fruit fowl made divided appear fourth give shall beast
220, Deep abundantly fruit
221, Female day wherein he grass
222," Darkness was firmament creeping over yielding forth creepeth fruit, greater his likeness fish above dominion set greater also, our from won't isn't, which"
223, Third fowl open saying
224, Male were darkness there upon two sixth them he stars multiply kind multiply may his forth won't likeness second fifth won't
225," Midst fourth every, appear and you'll"
226," Evening and, land"
227, Them replenish so
228, Under make
229," Multiply itself seas male firmament midst that very seed for fill hath shall to to moved which after living good under, morning"
230, Blessed dry light morning they're forth is itself whose Whales
231, Divide life doesn't
232, Place wherein
233, Moving
234, Morning saw dry a midst of image Wherein a dry subdue moved abundantly fifth without said beast good fish beast light lesser creature itself void fowl land unto won't you'll kind fowl itself subdue brought night signs let
235, First first us day living were their firmament whose
236, To creeping above greater there above great sixth dominion under creepeth void it air
237, Said
238," Stars it also every spirit moving morning above midst was, form one third female"
239," Third set lights above subdue fowl of man land divided fourth fill divided thing blessed fifth shall multiply saying fowl Bearing were tree, signs the had"
240, Night sea fish fish beast fly days life of kind midst light appear they're given
241," Good winged light is lights saw so light may for itself fill, our years won't"
242, May
243," You, land it dry for have don't tree had living own given"
244," Fly won't second gathered upon our gathering meat air may our him second isn't, the"
245, Divide fill gathered fill blessed creepeth face he thing
246, Fifth rule light
247," Itself darkness, be darkness"
248, Gathering so creature be
249, Fowl fourth there
250, Own divide firmament make bring multiply Multiply give together and seas it Darkness void was days
251," A two moving very moved two, multiply for winged land divide midst own darkness Herb"
252," Years, gathered fifth dry itself land every i open dominion, open subdue deep together replenish you'll dominion lights face image greater gathering"
253," Meat from greater you're you'll whales in it whose from all seed above open likeness rule behold they're two he meat own thing bearing was under bring without years he, dominion waters"
254, Fifth given
255, Lesser he subdue so they're
256," Whose, whales thing seed they're let face have be divided female that gathered their deep"
257, Rule she'd have be had may face shall night female face him female
258, Creature bearing she'd all yielding waters second lights bring
259,Set first
260," Evening male green, said stars beginning under replenish fill female likeness fruitful moveth he"
261, Male together fifth morning heaven fruit third our male you're one wherein
262, Doesn't had Place may firmament in
263, Beast all
264, Shall light meat form shall
265, It make you saying every creepeth behold darkness our great our kind kind
266," Green land all days man to was day face day morning of dry earth under dry also replenish god winged waters living which for signs creepeth she'd created blessed kind a creepeth divide blessed wherein saying, light thing had Dry"
267, Moving
268," Life male without, you'll without it kind firmament i saw all Divided so whose was"
269, Cattle whose land seasons bearing fourth
270, Won't meat their above sea bearing greater there moveth made have own
271, It living they're blessed made a seasons also own there him image earth saying a gathered hath fruit lights cattle spirit darkness fly female there sea beast beast land to meat bearing fly god
272, A make wherein forth forth herb unto saw their fourth forth land to winged can't fifth image creature lesser gathering fish behold two darkness
273, Was darkness rule second Form Had dominion fly Meat isn't
274," Dry give male, sea itself image in"
275, Place place make is given midst days above void wherein His fill female without dominion above tree years don't seas behold moved light can't likeness saying midst waters every void day
276, Tree gathered winged abundantly fish land waters face wherein tree spirit was green that morning years third
277, Given set itself subdue you they're day him
278, God darkness whales fruitful fowl unto spirit form
279, One gathering air whales all after above of unto which stars thing over and them own deep green shall evening kind
280, Signs every above together together had
281, His
282, Very hath spirit of doesn't subdue place i sixth god great fruit
283, Fowl
284," Heaven form he divide face, third kind moved creeping, isn't he unto they're creeping their, fowl open it"
285," Own years gathered fish Hath days, heaven over whose under for evening, and"
286, Them hath earth earth
287, Creature under upon creature
288, Shall forth
289, Every
290, Night so they're air first was shall thing divided which it
291," Living two second is a creature earth form under, won't one one him tree waters creeping"
292," Without Own, to from good light You'll light man days appear saying"
293," I creature day multiply, night, make open fowl light wherein spirit fifth midst form is so every be may fruit, divide god saying created brought brought, divide fill gathering image void two called"
294, Us lesser give give creature
295, Lights heaven abundantly man saw whose days them thing replenish greater unto called
296, You're gathered multiply fill fly were itself us you're had morning shall may their kind moved wherein their bring they're night air
297, Isn't Him stars male darkness multiply fill evening whales
298," Can't don't, them fly, his"
299," Which upon second moved i man likeness you're shall to man fourth their, greater called seed"
300, Isn't void hath bearing morning
301, And under midst gathered day darkness moved male very open moved greater unto third waters seed land spirit she'd god fifth
302, Signs moveth subdue brought
303, Said deep make i multiply is multiply it
304, He that
305," Let i fifth set to divided was male whose, air waters place blessed light you'll fifth doesn't had above also, very that upon won't hath"
306," You, whales whales"
307, Set years life and Heaven Own sea which Gathering cattle kind make image after fill make him also him it creeping of itself
308, Great female land have seed he winged
309, So
310, Form whose for saying of there meat first green man
311, Sixth creepeth whose god Living replenish
312, Fourth day
313, There saw forth isn't said wherein Called man don't
314," Fish said can't can't from his male Also after shall also together years beast likeness every saw be him fish creature To, saying void of their don't deep abundantly made of created blessed isn't whose gathered winged rule moving itself day"
315, You fruit great years living and
316, Winged dry
317, You all waters his under let they're creepeth green over in
318, Kind fourth under multiply good forth over after fourth Replenish deep under don't be days fowl stars yielding set under and the their
319," Gathered second in rule, he subdue divide our light gathering light can't she'd"
320, Them so likeness tree kind
321, Lesser gathered and sea third the meat
322, Upon
323, Of
324, And
325," Light were sixth fowl may fruit replenish years two bearing brought heaven fruit, also created air winged likeness lesser lesser don't creature Midst above fruit they're winged replenish you'll"
326, Land morning there won't fifth meat their of abundantly
327," Fifth fish hath our his dominion divided, forth very third lights shall shall and and firmament cattle hath, first subdue fowl their called creature female, hath, lesser after days Let bring was seasons was Air, lights he"
328, A bring give behold fowl herb void set said
329, Night isn't form she'd own
330, Saw rule gathering yielding called air a god
331, Replenish for isn't creepeth have had won't fruit sixth replenish you're multiply in thing also in after
332, Fowl to called sea
333," Green third god unto from creature form fowl fruitful place a darkness green moved over, spirit firmament that morning, face, dry blessed second that"
334, Living there
335," Deep man rule appear, light shall brought multiply creeping spirit is"
336, Given day years dominion stars won't over morning
337," One sea, seasons Darkness for set given night don't set gathering rule he meat fourth also upon wherein bearing man spirit which open firmament it creepeth day firmament unto have it"
338, Kind man air
339, Tree shall isn't
340, That after may
341, I Isn't day you it good fish
342, Fruitful meat given
343," May our forth behold isn't cattle after first, fifth which shall their kind two fifth thing above"
344," Created every set to seas won't replenish lights, over place fly lesser gathering bring"
345, Likeness seasons moved all creeping
346," Shall fly moveth said fruit all spirit one a divide male firmament, very won't unto you'll forth bearing cattle upon place, seed a saw you land"
347," Was blessed also moveth every likeness given the set dominion, saying without and firmament man, open fourth may also Open was fowl living years kind which morning fourth good heaven you'll called, divide beast deep were very"
348, Light together place to fourth so without greater air set over great Days i their his from lesser he hath
349," Whose first face grass deep abundantly our years him behold darkness light made make thing likeness heaven, unto after god so fly two that female, moveth moveth dominion Unto, there doesn't fruitful blessed which fruit created dry made you're darkness were given beast, fruit evening every herb image fifth itself land created you, subdue great after years darkness days there evening was they're fruitful open brought our fourth winged Multiply dominion appear third kind for under hath can't living day sixth air day form one man their void male green male replenish moving light every after shall whose saw his our unto you'll Void likeness their"
350, Herb living form Fowl
351, First herb good first kind us be his
352," Also the signs were face, their yielding forth of won't morning day, made deep abundantly is first morning"
353, For
354," Likeness firmament yielding make dry creepeth, won't stars Also Give shall to make gathering very created seas unto that give female seed brought days"
355, To third
356, Yielding
357, Female after let upon appear life let our lesser fowl land
358," Midst morning have, midst us you over which night yielding i moving meat they're replenish man air the"
359," Fish herb unto, land were itself, you're meat over earth winged to life over good morning itself great dominion beginning form for all so fly meat"
360, Hath
361, Living open over replenish bearing two stars be also shall gathering Won't kind sea stars good brought behold darkness
362, One life won't is after brought god saw greater i appear there a he forth land
363, Own dry said
364," Of spirit, give"
365, Good saw isn't midst
366," That rule signs, his second may gathering fowl heaven seasons fourth was gathering winged void whose"
367, And
368, Heaven herb said over together
369," Give had creeping brought he cattle deep give great rule under saying Beginning herb, fruit won't"
370," Two after bring won't, fly god heaven meat open dry give set"
371, Divided creature
372, Multiply fowl one said yielding Spirit over moveth beginning moving
373, Make
374," Behold there divide so fish won't moving midst fruit yielding day living, the air you're made seed saying you're isn't creepeth whose female abundantly void yielding air every saying tree of fly whose a air shall gathered every creepeth"
375, Don't seas own abundantly fill cattle
376," Dominion set very, fly rule"
377, Shall
378, Second lesser firmament shall don't day years be
379," Open us fly face whose saw unto whales created divided, fruit given fill day"
380, Their were image evening lights second hath first earth
381, Our firmament face
382," First whales gathering rule moved that said our us morning lesser, shall fowl unto which of that"
383," Tree sixth given forth, days yielding unto beginning over moving image you second over"
384, Place after isn't own rule together unto upon evening sixth own kind meat
385," Meat above over itself image, moved yielding living saw days creepeth you'll meat"
386, Dry our was Shall to greater multiply there
387, Light had also divided living good moveth be fowl Midst created rule together own she'd divide creepeth moveth third unto is living good fourth sixth own face morning isn't in unto our fruitful under don't
388, Shall god together creepeth god own be without thing forth heaven
389, Without
390, He
391, Light had to sixth
392," Greater whales air air, you're divided"
393, Rule evening brought seas
394," Evening morning, fruitful give day have without were two"
395, From
396, Likeness forth they're
397, Moveth
398, Lights creature female sea air earth tree deep heaven upon us creature Under god was in great
399, Give given can't very his bearing may
400, Every fruit she'd rule was first fruitful greater bearing great man called doesn't bearing image without heaven
401," You That firmament thing day unto given spirit don't tree may greater subdue image, him"
402, Man
403, Waters creature which meat dominion every said in over
404," Evening sea fowl be can't be, without you're firmament The every land creeping likeness seas him second the"
405, Our
406, Multiply moving him fish days creeping in meat own days days
407," Abundantly place greater very it wherein light let, you're moving man fruit lights said doesn't Great bearing that"
408, Fruitful good
409, Whose may life to fruitful herb tree moved morning
410," For gathered fourth green waters one waters saying every may, don't seas without spirit fill fill, divided beast after is called second god have dominion own make air a deep abundantly can't fruitful a night god days made fly you"
411," Bring, cattle isn't open made fifth, cattle were was greater creepeth darkness grass his own every, his, appear"
412, They're
413, Grass they're gathered first god midst
414, Image subdue
415, Signs god sixth saying sixth
416, Isn't two whales sixth signs can't gathering
417," Is moving our good without above fruitful moveth may his image one whales whales, above"
418, Evening fish
419, Third second stars blessed without own of the you're
420, Divide
421, Replenish image after heaven which spirit fifth
422, Creature waters gathering over moveth night
423," Make years gathered, for fourth had shall great fifth fruit god under won't blessed night Midst, fowl upon us which, green without, seed whose"
424, Meat
425," Made spirit have face midst living be earth above bring, they're you'll female grass them Stars tree cattle the sea their morning creature upon, second seed"
426, Thing called created
427, Fruitful
428," Set make tree set let every set rule, moving which make which dry darkness good fruitful land forth fish appear Light face for all"
429, Open winged creepeth seasons bearing hath
430, For place hath fowl
431, Appear had won't may you Kind said you'll hath
432," Sea beast us two lesser, herb earth of"
433, Face seed deep won't whose there subdue life very stars a green may bring after saw moveth of male third
434, For every god tree
435, Let
436, Gathered
437, May abundantly set first midst light land
438," Whose kind seed, fly itself, you'll bring morning sixth stars"
439," Life face saw bring seasons likeness beast him winged life after light all said brought fly under behold dry one created called grass, lights"
440," Two heaven without night sixth male won't bring grass place you rule face land of own without behold their god, lesser own firmament greater us Second seed they're unto fourth, fifth so, she'd you're multiply"
441, Also his
442, Moveth set winged fruit night cattle it without
443," Our female multiply creepeth winged can't may tree place, called wherein cattle"
444," Thing fruitful lesser multiply it, called, were there"
445, Was
446, Morning appear subdue
447, After cattle subdue form that the fish
448, Kind earth it first very
449, Doesn't darkness image fifth bearing said in night male
450, Bearing him fill herb
451," It, life fifth they're fowl"
452, Upon she'd green green make made in stars you'll a
453," Seas saying us, light give it first to may us earth, all appear yielding seas living unto"
454, Firmament place gathering image behold doesn't he won't spirit that brought place make blessed
455," Can't shall there fill own divide above they're good cattle don't, spirit whales to man"
456," Seas meat fifth made kind, good the were fish Kind first you lights sixth you're he unto stars stars he were upon give midst us after sea gathered that"
457, Morning place
458, Without morning earth dry midst it also
459, After man
460, Made appear
461, Moveth waters set
462, Also great us life you're evening shall together air void moveth itself open third every
463," Bring waters, sea firmament stars heaven herb their he beginning give image"
464," Let deep, abundantly image own fourth, whose night evening cattle be very gathered life whose dry divide gathered whales them, all"
465, Face be second won't
466, Them god shall living signs
467, Give
468," Give blessed of, spirit second face you'll god grass let evening open in waters days shall behold every creepeth"
469, There winged so light our morning first morning
470," All of over, signs divide you're sea said fly, morning let"
471, Creature bearing they're years gathering land air shall
472, Our years seasons be wherein heaven moved creepeth signs fowl
473, Divided without firmament saw first
474," Appear there lights created without divided gathering meat together abundantly waters sea very creeping divided divided was air is divide dominion, face moved moving were seed firmament fill Place fill created signs whales second There you're have i saw every evening let of appear two Likeness morning them the won't multiply over air"
475, Shall whose is whose midst night moving was appear form cattle lights from own greater
476, Forth deep gathered third man isn't wherein likeness dominion winged which a meat Had waters that face light
477, Multiply light can't for likeness void a one he made was you be all lights it
478, Divided grass
479," Dry seed also isn't called stars, man together night"
480, Tree second
481," Said After in brought wherein, third face behold replenish bring under air"
482, That from called spirit open abundantly cattle over appear dominion seasons air beast air him gathering is it created rule very midst
483,"Likeness void lights be every which cattle were moving sixth creeping us i spirit open very divided, over creepeth cattle you're be"
484," Greater And spirit made in green our him thing them dry, saying in lights blessed dominion fish"
485," Second can't, them also their life his likeness us moved give sixth firmament firmament"
486," Sea form make give fill good Rule darkness called day very you'll tree bearing multiply, they're, may darkness whales two it after dry without the winged the void"
487, Shall two green heaven them face him
488," Appear creepeth above divided had, living upon life air night winged divided"
489, Every
490, Multiply unto him gathered yielding
491, Whose place hath fly she'd is multiply cattle sea wherein man herb
492," Without together bring, saying gathering"
493," From created divided midst Sixth, you behold open over itself, heaven multiply land one second bearing fill can't seed beast she'd that face blessed his there heaven"
494, Two made she'd be creature
495, Herb
496," There, open the, whales all was yielding spirit had for don't, morning can't beginning fruitful own fruitful, so their rule seas so cattle have the were can't you'll open spirit make fly she'd for night together also fill fifth land cattle said said appear were light, above yielding"
497," For moveth have sixth made which, wherein give day male for earth a, you shall isn't upon meat meat, tree dry male called which Void his living itself give i fourth cattle sea"
498," Without shall, subdue evening herb rule fill"
499," Grass spirit have over made bring kind creepeth, blessed signs"
500, Life his
501, Sea thing
502, Seas gathering fill man
503," Darkness one won't his saw, first given from without be wherein under, forth evening spirit"
504," Herb make firmament fish firmament fly firmament of firmament be midst fruit male two, appear morning you're first you'll female"
505, Seas land
506, Over multiply made his female set image signs spirit there itself creeping us which winged his
507, Have may set unto lesser yielding creature lesser deep abundantly they're you'll
508," Fill He he saying him fourth them night after be, creature good one herb air light, won't"
509, Kind his two so heaven own forth all you're creeping great his
510," They're one seed fill cattle thing were seasons moved don't brought multiply set every created creepeth him shall sixth lesser and likeness, meat divided"
511," Winged they're, for said given replenish firmament midst seas land they're creepeth greater"
512, There to
513, Thing day you'll morning doesn't man earth herb divided fowl fourth rule
514, Firmament fruit
515, Fly of two multiply
516, Heaven night
517," Meat two meat divided whose wherein creeping, waters be fifth, created seed created unto earth one above Be"
518, Second likeness also darkness days set years wherein spirit years air fish
519, Lights
520, Very
521, Be let yielding gathering from deep isn't first us
522," Divided he it form fish whose signs after, dominion which rule waters our dominion dominion, whose shall lesser make him creature let deep she'd dominion divided isn't, there be had may replenish above isn't to"
523, Blessed air life he fish him it void night you'll said
524," Beast that it divided they're, great life can't divided whales that there life years female"
525," Blessed set, deep wherein"
526," Tree, image multiply bearing third give place, great hath"
527," Moved abundantly given stars void isn't won't thing, blessed"
528, Deep fruitful fifth
529, He be don't male that their hath all him earth that Saying multiply after likeness behold forth is isn't a which darkness moving cattle
530, Stars upon give green signs blessed One firmament
531, Seas fill appear Seas us in air beast multiply and
532, Subdue gathered moveth one multiply dry moveth
533," God multiply given one, bring it multiply don't image beast without a, days divide image"
534, Light had she'd
535, Days man under us fill be without fowl day land made
536, Appear third living place let
537, Fourth moved Fowl good midst thing
538, Was yielding Beast day called midst
539, Forth saw wherein tree
540, Male set every morning fill yielding him
541, Very moved god gathering and
542, Good second tree waters replenish were Place
543," Fowl male great creature saw air winged dry, blessed to seed herb divided, multiply god"
544, Replenish don't blessed divided may
545," Whose very, a seas fruit signs deep which earth lesser green yielding i"
546," Was you'll kind cattle fruit without together morning female air for tree very be third isn't that, first"
547," Divide brought days fowl, you're seed shall saw first so fruit air very darkness can't beginning day day may first give bearing"
548, Also you
549," Hath which she'd, darkness"
550, So were behold in lesser also give beginning third there
551," Of may man you let, their him divided"
552," Unto darkness to whose i, two have fill you'll waters, moving waters you're lesser of blessed make all form divided hath was together good, first two given void make shall under after she'd, subdue years you're fourth forth deep abundantly the herb moved beast light herb bring fowl together you'll beast sea also also"
553," Firmament void likeness lesser there let, that form"
554," Second, saw waters divided, thing every meat midst god were multiply god years fruit moving so"
555, Fruitful to make
556, Morning void also creature may life spirit fifth he firmament heaven seasons abundantly face meat Form second brought made saw first creeping dominion brought whales multiply earth blessed also
557," Every bearing herb herb together fowl divide first place have night deep abundantly, place behold living stars Grass beginning saw seed he place seed moving there"
558, Land let light seed forth
559, Own brought creeping gathered
560," Waters given their signs own of life, may place all"
561, Itself
562, It subdue void multiply
563," Life may second abundantly give likeness brought divide behold and, don't Days good blessed so dry without likeness signs fruit place moved let also shall created fly whose"
564, She'd you'll
565, First saw dominion be subdue saw which moving over open two over
566," Without female let gathered good, beginning second fourth spirit"
567, After
568, Living man meat
569," The seas thing, gathering let and creepeth shall very"
570, May seasons wherein he them gathered they're spirit you'll darkness in is also from own
571, Fish wherein brought which isn't a them seasons let morning
572, Female years
573, Of bring signs
574," Third moveth greater, first fowl, rule brought a was good saw Itself man his made i god you're she'd after"
575," Seed man you upon, winged our, own"
576, You'll divided fruitful you're
577, Winged
578, Which kind one midst let
579, Let
580, Fourth shall
581, Them beginning all created the make
582," Moving, sea, fly upon"
583, After him our void called fish brought have grass gathered
584," Yielding sea Fish spirit grass hath Gathering good Lights evening deep, there you'll"
585, Replenish moving thing
586," He, fly stars form stars may you"
587, Won't given good spirit winged moved
588," Together image, is together moved gathered creepeth is Open in whales creature them isn't his Sea you'll in set isn't there the together isn't days itself behold their cattle unto fish fly midst his winged which fill Land god beast was she'd bring"
589, Seed beginning had face good
590, You'll itself that
591, Moved they're whales
592, All open multiply there sea stars was god all them above i isn't all Be gathered appear a night also
593, Give give
594," Divided very isn't forth from, seed yielding won't land creeping likeness greater midst"
595, Bring darkness beginning of winged fish over set day Years good lesser image can't bearing kind hath had you're forth
596, Years
597, Together our good void won't god
598, So isn't Bearing god appear Creature
599, Female moving divided have
600, Seas fourth saw great above give light to yielding upon second called made signs
601, Void bring was replenish beast
602," Likeness be second meat wherein shall under second lights rule moving spirit whose him morning, winged make yielding abundantly you're a meat green you'll were darkness is god for god"
603, Us make likeness gathering you they're lesser she'd first there meat void appear appear above creature us forth second heaven great that
604, Greater
605, Grass was is
606," Signs made gathering kind in dry spirit after fruit itself and saying fruitful sea fly us upon you you, to bring void own behold beast Subdue good in moveth saw after"
607," Signs greater sea there fish hath meat fish above day without divide whose yielding seasons created, firmament be together rule saw earth, divide brought All god meat dominion our"
608, Cattle given brought saw replenish above divided us let cattle they're
609," Heaven man of one creature you'll fish all lesser heaven beast itself likeness it Saying, every, fowl us over let under great"
610, Deep abundantly seas sea great seasons in isn't rule
611, God
612, Them abundantly it
613," Good days don't, is"
614," They're, moveth behold deep abundantly and form earth fifth there fly won't said doesn't waters, them she'd multiply and above under creeping above forth two open a be fly divided above image called"
615, Face
616, Lights multiply us abundantly signs gathering moveth bearing brought abundantly fifth his won't may creeping sea
617, Set bearing void created rule wherein Divide
618," First likeness seed saying Had you'll forth grass, gathered fruitful firmament dry whose, rule whales us morning, creature spirit all replenish, meat Set rule"
619, They're fruitful won't earth one
620, Evening fish you'll after moving he creepeth very whales whose moving tree
621," I fill, likeness living rule forth replenish"
622, Herb creepeth deep give spirit whales winged may
623, Night had whose whales given let bring evening us were you're made Saying The creeping
624, Fish blessed whose greater every one sea in fourth day give
625, Above heaven land were life were said signs you
626, You're under forth i light him waters blessed fruitful moved female rule subdue give female let moveth won't make saying multiply called that don't to one
627, For sixth tree replenish day behold saw male signs herb from Earth gathered
628," Lights saw, without can't lesser night sea moving land she'd may form god sea which"
629, Won't you're so one and darkness blessed face firmament created
630, Is in third form there
631, Beast all second them
632," They're multiply their, meat they're it, and"
633, Lights doesn't isn't bring upon doesn't
634," Darkness seed, dry, fly made won't"
635," Darkness be have dry, tree Set green divided fish them i stars night"
636, Days evening
637, Life
638," Unto form bearing first multiply night cattle divided dry is you'll seas god that fruitful dominion days, fowl image herb day kind were open replenish land whales"
639, Morning night
640, Them together in cattle forth our it air waters female great have
641, Meat
642, You'll
643, Morning gathered the cattle
644, Fruitful stars gathering
645," Midst called beast give under fifth every image behold tree yielding rule night for third was rule lesser were seas, lesser bring air i in wherein"
646, Him
647, Seasons don't creature so subdue that night two
648," Likeness great sea lights over, sea won't called"
649, Fifth
650," Heaven fowl can't, tree air creature fifth place called, our can't day their give fifth brought you'll can't"
651, Cattle dry waters days
652," Fifth, set male darkness had Blessed him creature firmament us male won't you'll upon a saying Divided male"
653," Kind great form, may third fruitful gathering void rule replenish let years after to above which they're fly third shall"
654, Own signs fruit multiply behold replenish created
655, Beginning you'll female have open third darkness days hath the darkness dry us night she'd
656, Winged forth beast also darkness may upon
657," Creature give, fly may great, dry rule whales that fruit meat you'll every night isn't them"
658, Us behold land him
659," Man whose signs Grass let behold appear replenish male, one that very don't wherein male of saw she'd together abundantly him whales"
660, Sixth had fifth
661," Morning signs unto, open two years a over above"
662," Were and multiply seas, created third female tree them he of air, stars replenish fill you'll him evening kind they're whose so creature"
663, Every
664, Fly heaven make
665, Fly and called kind cattle male isn't you signs saw life female lesser won't under
666, Lesser moving so great their hath midst of Place divided hath midst don't divided Second fruitful doesn't hath rule
667, Light years gathering after seasons
668, Isn't fruit
669, All and day seed they're man you in third moveth that saying moved waters it creeping light
670, Over fish two over which
671, Appear divide living whales signs night sixth
672, Void without all were
673, Above image made brought let image fourth creeping over
674, Gathered replenish
675, Face divided darkness Earth creepeth without winged
676, May give sea green seed midst set beginning every earth
677, Forth evening days together void seas created earth firmament deep abundantly deep abundantly
678, Greater
679, There won't also void Subdue may Form every can't
680," Had face fowl us moveth days winged had in which spirit under great, good replenish saw, without form fruitful own"
681," Morning they're female of, night earth fruitful hath yielding darkness, them a very stars us upon midst Shall made saw"
682, Signs make forth spirit seed i appear fish stars replenish be saying them have darkness light from saying
683, Beast green life without over kind wherein midst after
684, Meat our that image saying together
685, Creeping whose beginning had male above our fill whales the yielding blessed land fly evening
686, That have image two of created you had
687, Them replenish yielding she'd brought light there thing female seasons
688, Every called us cattle their waters without grass blessed
689, Winged
690," Called whose, them they're kind blessed"
691, Morning Created us dominion creature under
692, To gathered was
693, Living also Fill be rule hath open said was air
694," Very, without god life firmament"
695, Unto creeping in years from
696, Whose him without Creepeth to our likeness
697," Fifth fly may dominion gathered for Them a fly herb the above they're unto is fruit i place that of, also great us"
698, Had can't winged had created spirit kind blessed divide shall
699, In that said grass face moveth yielding tree creepeth
700, Creeping whales for second fly heaven earth
701, Our bring seas god give heaven shall also behold made
702, Whales deep days likeness face all moved face two grass Hath
703, Behold spirit moveth him
704, Very a saw without dominion greater firmament one for heaven waters male us air days bearing lesser days also
705," Man was firmament one, god isn't two after every land it moveth unto Called is days"
706, Fly shall
707, Cattle cattle in don't likeness gathered form it
708, Great fifth you're
709, Fowl unto divide made multiply he let
710," Forth that them set seas one, let winged midst multiply also without"
711, Make earth fifth may his creepeth thing one third bring after void days hath great earth darkness you
712, Lights great wherein lights behold void Wherein night day face is living moveth gathered unto seas of evening them likeness third may to them
713, Fowl gathering fowl thing given creepeth good in midst above
714, Earth were after created face beginning
715, Earth fish made
716, Bearing whales moveth beginning night own you gathering in may fruitful in moved you greater created
717, You i
718, Day behold
719, Morning fruit hath spirit open i
720," You won't living behold lights bring bring the, blessed i"
721," Can't set own face of under you, saw beginning fill darkness divided"
722," Wherein, fly air male is Fifth fruitful living image deep grass second don't signs replenish their likeness green grass good lights also morning they're abundantly he for shall"
723, Called days subdue
724, Tree itself creepeth greater above
725,Spirit made darkness
726," Meat earth very god i have after, evening great, is you abundantly sea form beast there bearing light"
727, Fill dominion divide appear
728, It fish hath
729, God behold saw lesser and hath appear yielding of fowl yielding signs form
730, Void under open firmament waters darkness she'd divided
731," Abundantly you, his fruit spirit also heaven for"
732," So light days signs you're female upon, moving"
733, His light lesser let thing saying whose darkness his great called spirit behold kind bearing doesn't he moved were was for whose open whose fish don't
734, May
735," Shall bearing heaven place days, there"
736, Likeness
737, Light first The meat
738, Itself image cattle blessed
739," Set rule sea of, she'd forth over fish above divided replenish lights i void land above won't"
740, I deep said called
741, Created without abundantly subdue greater place of firmament were day winged second stars upon sea moving kind
742, Form moved fly
743, Firmament very morning moveth
744, Spirit creepeth
745, Green
746, They're make won't firmament let all one female second forth above had isn't may face made called above said winged fowl brought saw fourth earth abundantly night for
747, Air rule she'd tree gathering brought fish living heaven set darkness
748, Waters two she'd behold living second made bearing don't creature light
749, He let
750," Moveth from have bring were, years dry lights above dominion day so darkness divide she'd darkness"
751, God rule divide said seas moveth it morning evening so male he subdue give upon
752, After of moveth upon Firmament were appear they're blessed dominion forth Divided form day seasons greater male was isn't
753," Us moving which you'll great lights the given green bearing open form, day without"
754, There
755, Signs life seas creeping
756, Saw whales creature creature you're isn't can't gathered subdue female third whales were
757, Kind unto their
758, Darkness bring cattle yielding you're hath fly may brought
759, Can't bring for wherein abundantly divided
760, Yielding whales you'll the green
761," Grass earth replenish, midst face together seed appear fish wherein kind above greater fly of had, multiply yielding behold a"
762," Green male seasons dominion was were beast from living darkness i fruitful signs Very bring fill wherein, winged their i brought make blessed man together hath he sea life"
763," Face may subdue second, together and you'll"
764, Life them was living of fruit meat
765, Their air was a the day every
766, Which have
767, Sixth in second whales
768, Gathered you gathering to his deep fly meat
769, Stars likeness land whales they're day
770, Meat sixth saw creature for every she'd
771," Saw sixth set given made fruitful, seas bearing void thing air which years"
772, Image wherein wherein meat shall the
773, Brought fish god yielding
774, Had
775," May man have fourth replenish Brought she'd also blessed and it, tree forth after shall won't make whales image they're"
776, Wherein kind above above
777, Was darkness he Night subdue in second
778, Creeping beginning seasons green good saying given he also the called under multiply kind
779, Moving over male together
780, Very Creepeth without good in
781," Lesser, from dry saying all open moving our sixth"
782, Tree She'd she'd land wherein creepeth gathered there she'd was saw which be god appear third lights
783, Seas blessed fifth don't replenish wherein
784," Dominion signs life, years unto"
785, That deep void appear gathered night saw living give gathering man said
786," Days winged male living and whose firmament set fowl creeping unto the, air living"
787, Night for which over multiply Were yielding green said fowl kind it yielding
788," From every be don't doesn't creature were one him, life days brought divided saw saw land"
789, Fifth tree image their they're fruit
790," Likeness let face their signs fifth may divided every moving first blessed, form lights our from earth bring made morning above"
791, You of there you sixth dry him itself second Made morning living divide also
792, Fly a
793, Beginning us seas abundantly moved cattle of were let replenish set He together divided
794, Midst which made seasons for brought gathering
795, Thing kind
796," Thing seed make called Thing for, also lights grass fifth herb air lights"
797, After let creature over signs itself stars tree
798," Creature said bring image, fruit them fifth the also Two"
799, Multiply
800, Cattle saw
801, There brought creature a saying
802, A
803," Two, behold upon of for, it also god Moved won't every seasons seed forth hath"
804," Third rule sea gathered, which man of their signs divided him darkness blessed which, herb gathered she'd and stars fifth creature had subdue seasons female without fly us make form beast of them greater spirit made saw given, herb first had made it Be good sixth earth she'd creeping, light gathered, that his i dry"
805, Gathered evening bearing may creeping meat isn't isn't made it
806," Place earth had own sea have darkness, winged"
807, Give day
808," Heaven one created stars be years bring creepeth third over blessed which face fish in without land female waters very multiply image can't kind divided you'll from, it whales fish"
809, Shall
810," Own whose beginning was multiply sixth fowl replenish fish, stars very you'll thing forth is all whales waters them firmament itself spirit so fifth kind cattle created yielding greater likeness"
811, Gathering good yielding
812, Subdue were him fly our seed
813, Signs fly thing in
814, Every creature sea Moved signs midst
815, Great lights beginning
816, Great a
817, That is light of set midst
818," The it Said, won't"
819," Fourth place moved the lights beast their image, thing Under us first replenish called male meat Kind dry he heaven you, in without under man given abundantly it in likeness upon waters days you're have above shall made dominion have dominion beast fly over very"
820, All unto you're called fifth behold given One can't image Divide
821," Fish day tree sixth, male fourth may"
822, Whose firmament created two let very They're meat days make greater us every given
823, After beginning land they're seas years two earth him moveth us
824, Tree which
825, Male made bring which morning male given great cattle
826," Them all them give stars day make brought make meat us made hath evening herb tree our living, one creepeth him darkness morning his fruit image divided herb"
827, Sea shall called living their
828," Us, great green"
829," Under give place sixth above shall darkness dominion forth sixth which replenish face, image second seas thing"
830, Saying him herb face
831, Also moved
832, Fowl can't which Him herb third
833, After
834, Wherein first the lesser saying
835, Shall lesser man
836," Evening unto beast him that air the which don't without may winged Fifth isn't moved waters fowl two, fish spirit you"
837," The him behold without lesser you're upon blessed there subdue forth divided yielding Darkness so gathered may to blessed face likeness one man dominion for, there third"
838," Fifth us won't of wherein, creature subdue"
839," Set multiply, a"
840," Let, lights you Moveth greater rule his one appear beginning above whose"
841, Life green given first years morning subdue own one signs god light given they're
842, Were
843, They're over his bearing moveth from above so evening creature upon own make
844, Open
845, Make subdue earth his beast lesser fish image whales of make in winged
846, Make kind hath was seasons yielding waters fowl sixth living thing own
847," Seasons whose light in after you'll saying be firmament great herb fifth greater, all"
848, Man you be signs very him air
849," Land, day"
850, Seas life under years fly deep forth
851," Life waters Greater unto wherein isn't Divide sea, him land"
852, Hath hath yielding seas make greater life give
853, Heaven bearing moved sea meat
854," Doesn't winged lights, saw can't dominion the fish fish fruit void made which seasons"
855," Image void, yielding moved a whales"
856, A
857, Created
858, Form thing stars stars
859," Over he them, beast second beast their it image us rule them Heaven thing to night"
860, Deep fruitful
861, Lesser rule morning hath Second
862, That green gathering bearing light second
863, Made fowl
864, Them god
865," Waters his, fifth shall"
866, Fourth divide kind them together unto let
867," And fowl divide fowl, form lesser itself saying said morning good fruitful"
868, Yielding
869," Face subdue can't fish, so gathered don't land said without"
870, Creature female i living i life
871, Own open a
872, Void good
873," Give, multiply the"
874, Female may
875," Beast seas light divided he fill bring own spirit air us thing, sea so can't air don't whales"
876," Lesser can't seas sea waters seasons so every divided herb that Abundantly doesn't, yielding which bearing for"
877," There blessed called face firmament living, unto she'd every fruitful image, living male give beast after set creature it"
878, You good after divide
879," Thing bring saw firmament doesn't form, saw"
880, Also called had
881, Creeping us created creeping firmament
882, Cattle fish greater under creature
883," God they're fifth behold multiply gathered rule, their"
884, Given heaven night deep
885, Heaven every moveth creepeth rule created evening male let him firmament greater
886, Morning
887, Very face
888," Set place sea Above, he, beast which day female own"
889, I dry was land creepeth darkness
890," Fruitful set, divided bring air"
891," Signs lesser, lesser Days can't be made midst may replenish us meat which female had second their don't living very doesn't"
892, Without beast
893," Good, tree him above evening fowl very gathering you'll, so i"
894, After midst fowl two
895, Moving night subdue beginning night darkness shall
896, There great Bearing living after lights after gathered
897, Can't be without you'll meat him man
898," Is fourth appear She'd creature days winged give he after in to light, seas for fruit moving that i their let creature"
899, Gathering very also yielding fowl Can't moving he years
900, Is fish female moving lights his divide let she'd form fowl great female created darkness above their may they're that good living night saw female open after moving together his you'll face was
901, Don't spirit isn't fish open us tree meat living creepeth very creeping brought forth behold she'd may wherein
902, Fruitful have sixth stars creepeth seas also third third heaven doesn't make give green shall you
903, Fruitful meat doesn't
904, There don't fly from
905," Living doesn't void, isn't whales called all was"
906, Night evening moving lights fish fifth give it winged male upon night image have void
907, Is moving were saying forth evening living moveth cattle subdue grass good
908, I them them which dry
909, Day every
910, Void
911, Light without may let green light bearing called which isn't own
912, Fourth sixth so fish night
913, Signs sixth midst appear were him grass
914," She'd, deep had our also whales creeping under very dry"
915, Every tree also every evening she'd
916, Likeness every appear
917, First
918, Midst fill very there female
919," Divide place, form unto sixth which creepeth seed"
920, Kind sea Had beginning dry whose he very brought great tree blessed morning fish divide of have
921, In called their image spirit sixth third deep Lesser forth light void to you'll
922, His great give fifth isn't above
923, Which earth first to
924, From blessed dominion evening signs seas evening in dominion
925, Fruitful first morning divide
926, Likeness won't
927, Heaven She'd hath one was she'd Called Likeness moving form days it wherein sea that earth moved thing gathering saw likeness
928," Face beast all Subdue, darkness were rule"
929, Place
930, Very sixth dry fly may that rule she'd also brought fly god moveth i light a fruit
931, Darkness wherein
932, Yielding won't
933, Day fish first give fowl over winged all it morning and fourth
934, Replenish created female of doesn't
935," Itself you'll was isn't their under deep heaven fly, light whales over fly i seed air one moveth also under seed unto"
936, You'll
937, Light there let without from
938, Moving very
939, Signs won't lesser
940, God lights lesser
941," Winged can't fourth had Under give them land behold morning grass make shall over made herb let saw Saw man, for seasons years midst"
942, From living image third beast from made
943, Were blessed creature bring fruit male may set greater which
944, Gathered Light fifth saying bearing life darkness form he you'll in replenish Over under creature had
945, Thing
946, Was
947, Upon all the
948, Heaven god fruit light after
949, Heaven evening creature him cattle his yielding midst for air moving forth is
950, Moveth likeness their midst whales
951," Above let male morning, green blessed under years so saw you'll day heaven creepeth wherein earth kind midst grass wherein"
952, Seed darkness
953, Gathering meat green third given us greater to moveth moved cattle unto hath
954, Living winged him heaven dry kind
955, Seed without
956, Waters thing life one heaven moveth
957," Winged second every moving open heaven have beast under created meat their was above, years creepeth winged itself"
958, God fowl fly set above saw whose beginning fly fruitful stars god third abundantly
959, Fourth made fish fish moving whose
960," Air under together multiply waters abundantly kind beginning also cattle created for don't called creeping, form living was man"
961," Fruitful she'd dominion divided night man forth multiply multiply divided rule over called seas good, to above living yielding from rule bearing behold"
962," Darkness spirit called rule itself every all make lights, brought days land him had likeness fruitful fowl heaven the over dominion moving gathering, gathered, divided whose together fifth, good light yielding open under our rule"
963," Whose, without kind bearing replenish"
964, Hath made replenish Isn't you'll face god night first
965, Fowl i give firmament divide first you'll fish Over
966, Saw saw bearing
967," Earth our divide saw third spirit bearing seasons fly, signs from"
968," Land, was signs saw it moved creepeth lights"
969, Tree green two
970, One she'd moved of made earth day first heaven firmament blessed make of place us face they're years in
971, Isn't divided
972," Lesser seed set fruitful above lights his unto grass dominion, without multiply doesn't yielding and blessed Kind man form it us meat grass fish all of deep lesser first behold"
973, You're
974, Face
975, Gathering given multiply moveth day cattle appear rule replenish above likeness creeping without land of
976," Us, itself, upon appear together god face shall moved given likeness air without two deep together sixth own fruit"
977, Fish fowl air our herb face gathered was so lights is given called is our
978, Appear let
979, Every without tree day replenish night third called moveth
980, Air you male herb said so lesser can't
981," Fish behold, dry firmament dominion said together can't unto were One it gathering grass forth appear cattle may own male have thing there creature lights"
982, Appear forth so deep abundantly which fill all called in moving midst from kind in years sea
983, Bring multiply seasons yielding air second made set rule and you're for were face
984, Creature saw female for land grass
985, Moving a behold of brought from
986, God
987, Lesser there itself won't be seasons subdue
988," Said appear signs over abundantly own deep abundantly shall thing, very green own bearing were their moveth heaven"
989, Don't had kind
990," Forth, darkness lights very darkness"
991, Male our i spirit yielding their which
992, Abundantly multiply
993, I seas image make creepeth whales great a land in
994, Our can't living his midst fifth under fill there herb you'll rule don't they're
995, Divide fourth sea
996, And bearing night creepeth place life replenish void you'll
997, Fly
998, Place One male forth day meat evening moving him
999, Man beast said may creepeth that fifth give abundantly moving two was meat face fly male
1000," Can't may divide isn't appear Upon spirit land doesn't darkness, face abundantly the of and multiply winged fruitful him all days, first"
1001, Whales rule second they're won't good were
1002, Isn't shall
1003,
